latitude,longitude,location,main_road
43.6431200069527,-79.3813860009273,YORK ST & BREMNER BLVD / RAPTORS WAY,YORK ST
43.6422200016549,-79.3840680012892,LOWER SIMCOE ST & BREMNER BLVD,LOWER SIMCOE ST
43.6494610001075,-79.3712669943727,JARVIS ST & FRONT ST E / LOWER JARVIS ST,JARVIS ST
43.6451529957272,-79.3825739992347,UNIVERSITY AVE & FRONT ST W / YORK ST,UNIVERSITY AVE
43.6446850095358,-79.3848610027037,FRONT ST W & SIMCOE ST / LOWER SIMCOE ST,FRONT ST W
43.6438570011493,-79.3888450031211,FRONT ST W & JOHN ST / PRIVATE ACCESS,FRONT ST W
43.6427400100944,-79.3935820060818,SPADINA AVE & FRONT ST W,SPADINA AVE
43.6408870010502,-79.4013240045522,BATHURST ST & FRONT ST W,BATHURST ST
43.6503339946227,-79.371946009712,JARVIS ST & KING ST E,JARVIS ST
43.6529050006026,-79.3631910065289,KING ST E & PARLIAMENT ST,KING ST E
43.6534890014317,-79.36344100899,ADELAIDE ST E & PARLIAMENT ST,ADELAIDE ST E
43.6512640074972,-79.3748159966986,ADELAIDE ST E & CHURCH ST,ADELAIDE ST E
43.6500350042574,-79.3807319914649,BAY ST & ADELAIDE ST W,BAY ST
43.6489809958318,-79.385330003244,UNIVERSITY AVE & ADELAIDE ST W,UNIVERSITY AVE
43.6486069967868,-79.3864830020457,ADELAIDE ST W & SIMCOE ST,ADELAIDE ST W
43.6546980034625,-79.3639570029156,RICHMOND ST E & PARLIAMENT ST,RICHMOND ST E
43.6525400046123,-79.3753520080616,RICHMOND ST E & CHURCH ST,RICHMOND ST E
43.6511680028268,-79.3814130065462,BAY ST & RICHMOND ST W,BAY ST
43.6499149985531,-79.3865059885484,UNIVERSITY AVE & RICHMOND ST W,UNIVERSITY AVE
43.6477429966399,-79.3961449982607,SPADINA AVE & RICHMOND ST W,SPADINA AVE
43.6508269972901,-79.3869500048448,UNIVERSITY AVE & QUEEN ST W,UNIVERSITY AVE
43.6507850045542,-79.3862679961158,UNIVERSITY AVE & QUEEN ST W,UNIVERSITY AVE
43.6396249995224,-79.4598789931166,THE QUEENSWAY & COLBORNE LODGE DR,THE QUEENSWAY
43.6387200010102,-79.4458620072651,THE QUEENSWAY & KING ST W / RONCESVALLES AVE,THE QUEENSWAY
43.6385540031668,-79.4461979997267,THE QUEENSWAY & KING ST W / RONCESVALLES AVE,THE QUEENSWAY
43.6379810034202,-79.4665279934133,THE QUEENSWAY & ELLIS AVE,THE QUEENSWAY
43.6373549995219,-79.4702619948212,THE QUEENSWAY & WINDERMERE AVE,THE QUEENSWAY
43.6236920059756,-79.5150609922626,THE QUEENSWAY & ISLINGTON AVE,THE QUEENSWAY
43.6210459999958,-79.5270669946805,KIPLING AVE & THE QUEENSWAY,KIPLING AVE
43.6569310034762,-79.3746310010372,JARVIS ST & DUNDAS ST E,JARVIS ST
43.656237999307,-79.381032993917,YONGE ST & DUNDAS ST,YONGE ST
43.6546940019772,-79.3879779987806,UNIVERSITY AVE & DUNDAS ST,UNIVERSITY AVE
43.6623110016255,-79.3768519988754,JARVIS ST & CARLTON ST,JARVIS ST
43.661980995765,-79.3792239946116,CARLTON ST & CHURCH ST,CARLTON ST
43.6614319964405,-79.3832719964188,YONGE ST & COLLEGE ST / CARLTON ST,YONGE ST
43.6609200061728,-79.3856920028719,BAY ST & COLLEGE ST,BAY ST
43.6596820070307,-79.3906429994984,UNIVERSITY AVE & COLLEGE ST,UNIVERSITY AVE
43.6588019966228,-79.3958350008438,COLLEGE ST & ST GEORGE ST / BEVERLEY ST,COLLEGE ST
43.673872002157,-79.3678130015072,BLOOR ST W & CASTLE FRANK RD,BLOOR ST W
43.6716840009141,-79.380498997595,BLOOR ST E & TED ROGERS WAY,BLOOR ST E
43.6703179994192,-79.3866269973482,YONGE ST & BLOOR ST,YONGE ST
43.6698140049965,-79.3896430028517,BAY ST & BLOOR ST W,BAY ST
43.6697550016318,-79.3896899973845,BAY ST & BLOOR ST W,BAY ST
43.6685390051661,-79.3942160097075,AVENUE RD & BLOOR ST W,AVENUE RD
43.6665080027107,-79.4038409932634,SPADINA AVE & BLOOR ST W,SPADINA AVE
43.6652230016024,-79.4110829991932,BATHURST ST & BLOOR ST W,BATHURST ST
43.6652490057816,-79.4111399990104,BATHURST ST & BLOOR ST W,BATHURST ST
43.6598799965626,-79.4355479996379,DUFFERIN ST & BLOOR ST W,DUFFERIN ST
43.6597160035126,-79.4353770017794,DUFFERIN ST & BLOOR ST W,DUFFERIN ST
43.6493660069066,-79.4846289952344,JANE ST & BLOOR ST W,JANE ST
43.6448790001407,-79.5233280045658,ISLINGTON AVE & BLOOR ST W,ISLINGTON AVE
43.6446100045888,-79.5231440028625,ISLINGTON AVE & BLOOR ST W,ISLINGTON AVE
43.7324710045906,-79.2678819948369,EGLINTON AVE E & KENNEDY RD,EGLINTON AVE E
43.7302420003532,-79.277795002138,EGLINTON AVE E & BIRCHMOUNT RD,EGLINTON AVE E
43.7280860005301,-79.2875389999037,EGLINTON AVE E & WARDEN AVE,EGLINTON AVE E
43.7244920033997,-79.3024439978437,EGLINTON AVE E & VICTORIA PARK AVE,EGLINTON AVE E
43.7260280018744,-79.3180430035379,EGLINTON AVE E & SWIFT DR / CREDIT UNION DR,EGLINTON AVE E
43.7208109976411,-79.3387390066082,EGLINTON AVE E & DON MILLS RD,EGLINTON AVE E
43.7170209981414,-79.3498500032005,EGLINTON AVE E & LESLIE ST,EGLINTON AVE E
43.7134040022021,-79.3645460003598,EGLINTON AVE E & LAIRD DR,EGLINTON AVE E
43.7109130071588,-79.3772879910129,EGLINTON AVE E & BAYVIEW AVE,EGLINTON AVE E
43.7068919955001,-79.398213000935,EGLINTON AVE & YONGE ST,EGLINTON AVE
43.7046659985769,-79.4087110022009,EGLINTON AVE W & AVENUE RD,EGLINTON AVE W
43.7009480055114,-79.4253439972009,EGLINTON AVE W & BATHURST ST,EGLINTON AVE W
43.6930680060188,-79.4624080003997,EGLINTON AVE W & CALEDONIA RD,EGLINTON AVE W
43.6900060022174,-79.4752209994858,EGLINTON AVE W & KEELE ST / TRETHEWEY DR,EGLINTON AVE W
43.6885440034765,-79.4831350052679,EGLINTON AVE W & BLACK CREEK DR,EGLINTON AVE W
43.6842040033526,-79.4989159949939,EGLINTON AVE W & JANE ST,EGLINTON AVE W
43.6958050008943,-79.4502279981644,EGLINTON AVE W & DUFFERIN ST,EGLINTON AVE W
43.7894189950797,-79.1942110001791,MORNINGSIDE AVE & MILITARY TRL,MORNINGSIDE AVE
43.7719060064778,-79.5139339934346,SHOREHAM DR & MURRAY ROSS PKWY / PRIVATE ACCESS,SHOREHAM DR
43.7949909985672,-79.1967299997816,MORNINGSIDE AVE & 401 C E MORNINGSIDE AVE S RAMP,MORNINGSIDE AVE
43.783978004121,-79.234555998716,MARKHAM RD & 401 C E MARKHAM RD N RAMP,MARKHAM RD
43.7937290047327,-79.2384229993136,SHEPPARD AVE E & MARKHAM RD,SHEPPARD AVE E
43.7796570024561,-79.2544679999271,MCCOWAN RD & 401 C E MCCOWAN RD RAMP / CONSILIUM PL,MCCOWAN RD
43.7896790003277,-79.2591450120824,SHEPPARD AVE E & MCCOWAN RD,SHEPPARD AVE E
43.766104005034,-79.2809629978933,KENNEDY RD & ELLESMERE RD,KENNEDY RD
43.7734519937101,-79.2836619890225,KENNEDY RD & 401 C E KENNEDY RD RAMP / WILLIAM KITCHEN RD,KENNEDY RD
43.7830319998714,-79.2883560033881,SHEPPARD AVE E & KENNEDY RD,SHEPPARD AVE E
43.7609590035503,-79.3009649950828,WARDEN AVE & ELLESMERE RD,WARDEN AVE
43.7786230021431,-79.3076219920703,SHEPPARD AVE E & WARDEN AVE,SHEPPARD AVE E
43.7423389963657,-79.309694999576,VICTORIA PARK AVE & LAWRENCE AVE E,VICTORIA PARK AVE
43.7576990053109,-79.315195998326,VICTORIA PARK AVE & PARKWOODS VILLAGE DR / ELLESMERE RD,VICTORIA PARK AVE
43.7751900035335,-79.3226929999082,SHEPPARD AVE E & VICTORIA PARK AVE,SHEPPARD AVE E
43.7930610055449,-79.3310820007673,VICTORIA PARK AVE & FINCH AVE E,VICTORIA PARK AVE
43.8155800065479,-79.3410529961985,VICTORIA PARK AVE & STEELES AVE E,VICTORIA PARK AVE
43.709128998068,-79.3334619967655,DON MILLS RD & OVERLEA BLVD / GATEWAY BLVD,DON MILLS RD
43.6956280022827,-79.3398250039533,DON MILLS RD & O CONNOR DR,DON MILLS RD
43.7372380052751,-79.3437260092066,DON MILLS RD & LAWRENCE AVE E,DON MILLS RD
43.7559609952673,-79.347275998448,DON MILLS RD & YORK MILLS RD,DON MILLS RD
43.7750169993647,-79.3467159979611,SHEPPARD AVE E & DON MILLS RD,SHEPPARD AVE E
43.792762001731,-79.3550520097319,DON MILLS RD & FINCH AVE E,DON MILLS RD
43.8112600069211,-79.3610460006792,DON MILLS RD & STEELES AVE E,DON MILLS RD
43.8137039955886,-79.3488000114673,STEELES AVE E & WOODBINE AVE,STEELES AVE E
43.7531449989851,-79.360198007398,LESLIE ST & YORK MILLS RD,LESLIE ST
43.7639420028642,-79.3615929909876,LESLIE ST & 401 C E LESLIE ST RAMP / LESMILL RD,LESLIE ST
43.7719200032638,-79.3639080084236,SHEPPARD AVE E & LESLIE ST,SHEPPARD AVE E
43.6831840090544,-79.3658519985922,BAYVIEW AVE & POTTERY RD / PRIVATE ACCESS,BAYVIEW AVE
43.6703370023874,-79.3601799971434,BAYVIEW AVE & ROSEDALE VALLEY RD,BAYVIEW AVE
43.6881609987039,-79.3635229974919,BAYVIEW AVE & POTTERY RD,BAYVIEW AVE
43.7665330068348,-79.3877150011279,SHEPPARD AVE E & BAYVIEW AVE,SHEPPARD AVE E
43.752454995724,-79.4078109962249,YONGE ST & LORD SEATON W YONGE RAMP,YONGE ST
43.7612890079355,-79.4110470003991,SHEPPARD AVE & YONGE ST,SHEPPARD AVE
43.6388950079082,-79.4008070060979,BATHURST ST & FORT YORK BLVD,BATHURST ST
43.75563800789,-79.4383290068312,SHEPPARD AVE W & BATHURST ST,SHEPPARD AVE W
43.7689069954514,-79.4671819964424,DUFFERIN ST & FINCH AVE W,DUFFERIN ST
43.6724620027878,-79.4674010077901,KEELE ST & ST CLAIR AVE W,KEELE ST
43.7814840033928,-79.494116999982,KEELE ST & STEELES AVE W,KEELE ST
43.7047710007162,-79.4941649937678,BLACK CREEK DR & LAWRENCE AVE W,BLACK CREEK DR
43.6529010078677,-79.5722609993288,RATHBURN RD & THE WEST MALL,RATHBURN RD
43.6513690030528,-79.5792050011891,RATHBURN RD & RENFORTH DR,RATHBURN RD
43.6519740075906,-79.3816090020626,BAY ST & QUEEN ST W,BAY ST
43.651957002608,-79.382304995923,BAY ST & QUEEN ST W,BAY ST
43.641064998551,-79.3768619992521,QUEENS QUAY W & BAY ST / HARBOUR SQ,QUEENS QUAY W
43.6547530021496,-79.4602409951327,BLOOR ST W & KEELE ST / PARKSIDE DR,BLOOR ST W
43.6545739976846,-79.4598189937303,BLOOR ST W & KEELE ST / PARKSIDE DR,BLOOR ST W
43.787509006058,-79.4699609892263,STEELES AVE W & DUFFERIN ST,STEELES AVE W
43.6281209973391,-79.5594900029658,DUNDAS ST W & THE WEST MALL,DUNDAS ST W
43.7632260008421,-79.2915649999591,ELLESMERE RD & BIRCHMOUNT RD,ELLESMERE RD
43.771928005528,-79.2516109988249,MCCOWAN RD & ELLESMERE RD,MCCOWAN RD
43.7764070076806,-79.2314420031863,MARKHAM RD & ELLESMERE RD,MARKHAM RD
43.6091070005587,-79.5484940050549,BROWNS LINE & EVANS BROWNS LN RAMP,BROWNS LINE
43.6160960061787,-79.5245580058068,KIPLING AVE & EVANS AVE,KIPLING AVE
43.7214200027604,-79.4809789980109,KEELE ST & FLORAL PKWY / 401 C E KEELE ST RAMP,KEELE ST
43.7619370022874,-79.3867279956159,BAYVIEW AVE & 401 C E BAYVIEW RAMP,BAYVIEW AVE
43.7669629980857,-79.3194100080628,VICTORIA PARK AVE & 401 C E VICTORIA PR RAMP,VICTORIA PARK AVE
43.7447330060769,-79.4861479988486,KEELE ST & SHEPPARD AVE W,KEELE ST
43.7266450111262,-79.4817630039992,KEELE ST & WILSON AVE,KEELE ST
43.6653520055123,-79.4646509968386,DUNDAS ST W & KEELE ST,DUNDAS ST W
43.6371379936031,-79.4358309964034,KING ST W & JAMESON AVE,KING ST W
43.6389119994195,-79.4271710096162,KING ST W & DUFFERIN ST,KING ST W
43.6421910016468,-79.4119000078303,KING ST W & STRACHAN AVE,KING ST W
43.6419490057919,-79.4120949972405,KING ST W & STRACHAN AVE,KING ST W
43.6440469982846,-79.402860999446,KING ST W & BATHURST ST,KING ST W
43.6439290054442,-79.4029530009815,KING ST W & BATHURST ST,KING ST W
43.6453609951093,-79.395231003285,SPADINA AVE & KING ST W,SPADINA AVE
43.6453960063821,-79.3947659987253,SPADINA AVE & KING ST W,SPADINA AVE
43.6999420062013,-79.3191310017128,O CONNOR DR & WOODBINE AVE,O CONNOR DR
43.7055150016748,-79.312571000791,O CONNOR DR & ST CLAIR AVE E,O CONNOR DR
43.6405150072128,-79.4373439960441,QUEEN ST W & LANSDOWNE AVE / JAMESON AVE,QUEEN ST W
43.6421420052866,-79.428794998704,QUEEN ST W & DUFFERIN ST,QUEEN ST W
43.6420979991384,-79.4286819972819,QUEEN ST W & DUFFERIN ST,QUEEN ST W
43.6454130088093,-79.4131499993241,QUEEN ST W & STRACHAN AVE,QUEEN ST W
43.647310005401,-79.4041109891262,BATHURST ST & QUEEN ST W,BATHURST ST
43.6488800043283,-79.3961950042573,SPADINA AVE & QUEEN ST W,SPADINA AVE
43.647555002179,-79.3849740014843,UNIVERSITY AVE & KING ST W,UNIVERSITY AVE
43.6475249990991,-79.3848919974713,UNIVERSITY AVE & KING ST W,UNIVERSITY AVE
43.7207070016282,-79.5087459984177,WILSON AVE & JANE ST,WILSON AVE
43.7321970018384,-79.4590859980371,WILSON AVE & DUFFERIN ST,WILSON AVE
43.737227006117,-79.4341489903637,BATHURST ST & WILSON AVE,BATHURST ST
43.7400770008769,-79.421493003537,AVENUE RD & WILSON AVE,AVENUE RD
43.7397290023607,-79.4218310088276,AVENUE RD & WILSON AVE,AVENUE RD
43.7443310020954,-79.4064699922825,YONGE ST & YORK MILLS RD / WILSON AVE,YONGE ST
43.7482450084092,-79.3839669962013,BAYVIEW AVE & YORK MILLS RD,BAYVIEW AVE
43.767875006471,-79.1891560041745,KINGSTON RD & LAWRENCE AVE E,KINGSTON RD
43.794880001778,-79.1527880002371,KINGSTON RD & 401 C E 2A W RAMP,KINGSTON RD
43.7716120023711,-79.3044690067384,WARDEN AVE & 401 C W WARDEN AV RAMP,WARDEN AVE
43.6904950075455,-79.383236003103,MOUNT PLEASANT RD & ST CLAIR AVE E,MOUNT PLEASANT RD
43.7262290020609,-79.3972519941648,MOUNT PLEASANT RD & LAWRENCE AVE E,MOUNT PLEASANT RD
43.6880380004903,-79.3939359940352,YONGE ST & ST CLAIR AVE,YONGE ST
43.7795570031574,-79.415668002497,YONGE ST & FINCH AVE,YONGE ST
43.7978530042256,-79.420168000608,YONGE ST & STEELES AVE,YONGE ST
43.6407730046315,-79.3928419894539,SPADINA AVE & BREMNER BLVD / FORT YORK BLVD,SPADINA AVE
43.6529310032037,-79.3977529964177,SPADINA AVE & DUNDAS ST W,SPADINA AVE
43.6580510041919,-79.3998939953296,SPADINA AVE & COLLEGE ST,SPADINA AVE
43.7124650016852,-79.4279589930438,BATHURST ST & GLENCAIRN AVE,BATHURST ST
43.7193899988087,-79.4299230033164,BATHURST ST & LAWRENCE AVE W,BATHURST ST
43.6256519951851,-79.4860500082425,PARK LAWN RD & GARDINER E PARK LAWN RD RAMP,PARK LAWN RD
43.7109910089439,-79.5057489945701,JANE ST & 400 S JANE ST RAMP / JANE ST BLACK CR S RAMP,JANE ST
43.7150219997975,-79.5364880010728,WESTON RD & 401 C W WESTON RD RAMP,WESTON RD
43.7113400014744,-79.5535119934489,ISLINGTON AVE & 401 C W ISLINGTON N RAMP / ALLENBY AVE,ISLINGTON AVE
43.6994399987515,-79.5869850044948,HIGHWAY 27 & BELFIELD RD,HIGHWAY 27
43.636412004782,-79.4095549910697,STRACHAN AVE & FLEET ST / MANITOBA DR,STRACHAN AVE
43.6585260000707,-79.3389260048634,EASTERN AVE & CARLAW AVE,EASTERN AVE
43.6292290039945,-79.4902869919342,THE QUEENSWAY & PARK LAWN RD,THE QUEENSWAY
43.6263900067065,-79.5028789943969,THE QUEENSWAY & ROYAL YORK RD,THE QUEENSWAY
43.6152000006988,-79.5527800060276,THE QUEENSWAY & 427 C S QUEENSWAY RAMP / SHERWAY GARDENS RD,THE QUEENSWAY
43.6289439959311,-79.5547500019616,DUNDAS ST W & CLOVERDALE MALL / 427 C N DUNDAS RAMP,DUNDAS ST W
43.6525900003544,-79.4327059977383,COLLEGE ST & DUFFERIN ST,COLLEGE ST
43.6813959985646,-79.3321740091058,DANFORTH AVE & GREENWOOD AVE,DANFORTH AVE
43.6789680044129,-79.3450940026882,DANFORTH AVE & PAPE AVE,DANFORTH AVE
43.6717750042749,-79.3711120036195,BLOOR ST E & PARLIAMENT ST,BLOOR ST E
43.674790002261,-79.4068669984966,DUPONT ST & SPADINA RD,DUPONT ST
43.6832840041639,-79.4184480017144,ST CLAIR AVE W & BATHURST ST,ST CLAIR AVE W
43.6742729967716,-79.5632249985061,EGLINTON AVE W & MARTIN GROVE RD,EGLINTON AVE W
43.6739010061109,-79.5674490051473,EGLINTON AVE W & 27 401 427 EGLINTON E RAMP,EGLINTON AVE W
43.7497809959362,-79.2748700008901,LAWRENCE AVE E & KENNEDY RD,LAWRENCE AVE E
43.7455579997031,-79.2945790034661,LAWRENCE AVE E & WARDEN AVE,LAWRENCE AVE E
43.7756939971651,-79.3378910067079,SHEPPARD AVE E & 404 N SHEPPARD AVE RAMP / YORKLAND RD,SHEPPARD AVE E
43.7946109966981,-79.3455480014191,FINCH AVE E & 404 S FINCH RAMP,FINCH AVE E
43.7538769957631,-79.5327230002816,FINCH AVE W & 400 S FINCH W RAMP,FINCH AVE W
43.8239470013074,-79.3070240017318,STEELES AVE E & KENNEDY RD,STEELES AVE E
43.7927200071234,-79.4455909992798,STEELES AVE W & BATHURST ST,STEELES AVE W
43.7734599946248,-79.5317010027174,STEELES AVE W & NORFINCH DR / 400 N FINCH W RAMP,STEELES AVE W
43.7702630013888,-79.5462309983191,STEELES AVE W & WESTON RD,STEELES AVE W
43.7580330011076,-79.6032530015559,STEELES AVE W & MARTIN GROVE RD,STEELES AVE W
43.6492570052918,-79.3777979961203,YONGE ST & KING ST,YONGE ST
43.6492880049747,-79.3778560100493,YONGE ST & KING ST,YONGE ST
43.6687259993692,-79.305612000479,QUEEN ST E & WOODBINE AVE,QUEEN ST E
43.6686610013541,-79.3059089992216,QUEEN ST E & WOODBINE AVE,QUEEN ST E
43.66706400923,-79.3128269972601,QUEEN ST & KINGSTON RD / EASTERN AVE,QUEEN ST
43.6632320088546,-79.3299989995545,QUEEN ST E & LESLIE ST,QUEEN ST E
43.6587690048686,-79.3500040062003,QUEEN ST E & BROADVIEW AVE,QUEEN ST E
43.658728004101,-79.3498740008699,QUEEN ST E & BROADVIEW AVE,QUEEN ST E
43.6739560046614,-79.3077629958218,KINGSTON RD & WOODBINE AVE,KINGSTON RD
43.6737470017674,-79.3079389933436,KINGSTON RD & WOODBINE AVE,KINGSTON RD
43.6662360057122,-79.3344880076474,DUNDAS ST E & JONES AVE,DUNDAS ST E
43.6624200063065,-79.3511489931235,BROADVIEW AVE & DUNDAS ST E,BROADVIEW AVE
43.662566009357,-79.3513159948418,BROADVIEW AVE & DUNDAS ST E,BROADVIEW AVE
43.6594629996268,-79.366157998329,DUNDAS ST E & PARLIAMENT ST,DUNDAS ST E
43.6593190045058,-79.3660960038927,DUNDAS ST E & PARLIAMENT ST,DUNDAS ST E
43.6856530043537,-79.3125659968904,DANFORTH AVE & WOODBINE AVE,DANFORTH AVE
43.6762439982069,-79.3591560011689,DANFORTH AVE & BROADVIEW AVE,DANFORTH AVE
43.6762900038671,-79.3590609943736,DANFORTH AVE & BROADVIEW AVE,DANFORTH AVE
43.6806780092268,-79.3108340074612,GERRARD ST E & WOODBINE AVE,GERRARD ST E
43.6549068205085,-79.3536761945027,BAYVIEW AVE & LAWREN HARRIS SQ,BAYVIEW AVE
43.6659232583116,-79.3574727013327,BAYVIEW AVE & RIVER ST,BAYVIEW AVE
43.6657488532651,-79.3572313196213,BAYVIEW AVE & RIVER ST,BAYVIEW AVE
43.6700879052613,-79.3602066910709,BAYVIEW AVE & ROSEDALE VALLEY RD,BAYVIEW AVE
43.6702507344075,-79.3604163055408,BAYVIEW AVE & ROSEDALE VALLEY RD,BAYVIEW AVE
43.6881625336124,-79.3635193843526,BAYVIEW AVE & POTTERY RD,BAYVIEW AVE
43.6877914735415,-79.3634746152559,BAYVIEW AVE & POTTERY RD,BAYVIEW AVE
43.6822823169248,-79.5262258698008,EGLINTON AVE W & ROYAL YORK RD,EGLINTON AVE W
43.6838620012644,-79.5110450049756,EGLINTON AVE W & SCARLETT RD,EGLINTON AVE W
43.6797876707112,-79.538777842106,EGLINTON AVE W & ISLINGTON AVE,EGLINTON AVE W
43.6664589982731,-79.3933573019622,QUEENS PARK & QUEENS PARK CRES W,QUEENS PARK
43.6651000023273,-79.3941209922341,QUEENS PARK & HOSKIN AVE,QUEENS PARK
43.6635840038797,-79.3906480060688,QUEENS PARK CRES E & WELLESLEY ST,QUEENS PARK CRES E
43.6770409938542,-79.5510899939112,EGLINTON AVE W & KIPLING AVE,EGLINTON AVE W
43.7040269976501,-79.3976580052819,YONGE ST & BERWICK AVE,YONGE ST
43.7110320003666,-79.3913460026811,MOUNT PLEASANT RD & BROADWAY AVE,MOUNT PLEASANT RD
43.7095019969611,-79.3990990096539,YONGE ST & BROADWAY AVE / MONTGOMERY AVE,YONGE ST
43.7059930403243,-79.3893795767421,MOUNT PLEASANT RD & SOUDAN AVE,MOUNT PLEASANT RD
43.6501020067014,-79.3621960052269,PARLIAMENT ST & MILL ST,PARLIAMENT ST
43.6538780040335,-79.3583589957559,CHERRY ST & EASTERN AVE,CHERRY ST
43.6513330022476,-79.3573790018332,CHERRY ST & MILL ST,CHERRY ST
43.6326860020577,-79.4249289918329,DUFFERIN ST & SASKATCHEWAN RD / BRITISH COLUMBIA RD,DUFFERIN ST
43.6433479983208,-79.394172997367,SPADINA AVE & CLARENCE SQ,SPADINA AVE
43.7070739969293,-79.3967430005501,EGLINTON AVE E & HOLLY ST,EGLINTON AVE E
43.7802480021657,-79.4133669971215,FINCH AVE E & DORIS AVE,FINCH AVE E
43.6316229981203,-79.4272779992321,BRITISH COLUMBIA RD & YUKON PL / PRIVATE ACCESS,BRITISH COLUMBIA RD
43.6523110026444,-79.4060219932683,DUNDAS ST W & BATHURST ST,DUNDAS ST W
43.6496510050056,-79.4314530031817,DUFFERIN ST & DUNDAS ST W,DUFFERIN ST
43.6392840009529,-79.4108700033671,STRACHAN AVE & EAST LIBERTY ST / ORDNANCE ST,STRACHAN AVE
43.6502809998322,-79.4410200023925,DUNDAS ST W & COLLEGE ST / ST HELEN'S AVE,DUNDAS ST W
43.6434819971058,-79.4223690072574,QUEEN ST W & DOVERCOURT RD,QUEEN ST W
43.6447009991392,-79.4162730002572,QUEEN ST W & SHAW ST,QUEEN ST W
43.6407460081365,-79.3914950081819,BREMNER BLVD & NAVY WHARF CRT,BREMNER BLVD
43.6407580008455,-79.4114689982728,STRACHAN AVE & WELLINGTON ST W / DOURO ST,STRACHAN AVE
43.6370740010363,-79.4266540030886,DUFFERIN ST & LIBERTY ST / PRIVATE ACCESS,DUFFERIN ST
43.640855999794,-79.3876230004413,BREMNER BLVD & REES ST,BREMNER BLVD
43.6385680051435,-79.4197019966587,LIBERTY ST & HANNA AVE / EAST LIBERTY ST,LIBERTY ST
43.6434210078596,-79.3912850050518,FRONT ST W & BLUE JAYS WAY,FRONT ST W
43.656846993807,-79.3524119952827,DON VALLEY PARKWAY & EASTERN AVE,DON VALLEY PARKWAY
43.6618990027157,-79.3547479999587,DON VALLEY PARKWAY & DUNDAS ST E,DON VALLEY PARKWAY
43.6719379994654,-79.3589880056487,DON VALLEY PARKWAY & PRINCE EDWARD VIADUCT / DANFORTH AVE,DON VALLEY PARKWAY
43.6815389966516,-79.3627990035328,DON VALLEY PARKWAY & PRINCE EDWARD VIADUCT / BLOOR ST E,DON VALLEY PARKWAY
43.6934500073592,-79.3573090027233,DON VALLEY PARKWAY S & LEASIDE BDGE,DON VALLEY PARKWAY S
43.698183000675,-79.3495169988887,DON VALLEY PARKWAY & LEASIDE BDGE,DON VALLEY PARKWAY
43.7005990065432,-79.33760500687,DON VALLEY PARKWAY S & DON MILLS RD,DON VALLEY PARKWAY S
43.7076860024448,-79.3313179946592,DON VALLEY PARKWAY & SPANBRIDGE RD,DON VALLEY PARKWAY
43.7126170083698,-79.3250279902538,DON VALLEY PARKWAY & SPANBRIDGE RD,DON VALLEY PARKWAY
43.7180650056625,-79.3272860007317,DON VALLEY PARKWAY N & ST DENNIS DR,DON VALLEY PARKWAY N
43.7235310002238,-79.3299969948379,DON VALLEY PARKWAY & EGLINTON AVE E,DON VALLEY PARKWAY
43.7269910035716,-79.3300139955125,WYNFORD DR & WYNFORD DVP N RUMP,WYNFORD DR
43.7309400013097,-79.3305190031422,DON VALLEY PARKWAY & CONCORDE GT,DON VALLEY PARKWAY
43.7396720012104,-79.3318240037522,DON VALLEY PARKWAY N & LAWRENCE AVE E,DON VALLEY PARKWAY N
43.7492470071044,-79.333251989374,DON VALLEY PARKWAY N & BROOKBANKS DR,DON VALLEY PARKWAY N
43.7579560075967,-79.3353700007091,DON VALLEY PARKWAY N & YORK MILLS E DVP N RAMP,DON VALLEY PARKWAY N
43.6499680066663,-79.3492809942495,LAKE SHORE BLVD E & DON ROADWAY,LAKE SHORE BLVD E
43.6477380054014,-79.3610430031224,F G GARDINER XY & PARLIAMENT ST,F G GARDINER XY
43.6456270004132,-79.3700230063546,F G GARDINER XY & LOWER JARVIS ST,F G GARDINER XY
43.6423109978803,-79.3792179911381,LAKE SHORE BLVD W & BREMNER BLVD,LAKE SHORE BLVD W
43.6395140007549,-79.3868910021742,LAKE SHORE BLVD W & REES ST,LAKE SHORE BLVD W
43.6381469974869,-79.3943709985331,F G GARDINER XY E & SPADINA AVE,F G GARDINER XY E
43.6378270070491,-79.4004800005971,F G GARDINER XY E & BATHURST ST,F G GARDINER XY E
43.6373570019154,-79.4117380059441,F G GARDINER XY E & STRACHAN AVE,F G GARDINER XY E
43.634504009513,-79.4222449952726,F G GARDINER XY E & DUFFERIN ST,F G GARDINER XY E
43.6341280019222,-79.4378829948916,F G GARDINER XY E & NET DR,F G GARDINER XY E
43.638305007358,-79.4499439940186,F G GARDINER XY E & PARKSIDE DR,F G GARDINER XY E
43.6379430029546,-79.4622069976607,F G GARDINER XY E & ELLIS AVE,F G GARDINER XY E
43.6349740064415,-79.4695400027085,QUEENSWAY E GARDINER RAMP & F G GARDINER XY E,QUEENSWAY E GARDINER RAMP
43.6310649990376,-79.4761250018304,GARDINER E LAKE SHORE WEST E RAMP & LAKE SHORE BLVD W,GARDINER E LAKE SHORE WEST E RAMP
43.6273100042685,-79.4818560015722,F G GARDINER XY E & PARK LAWN RD,F G GARDINER XY E
43.6244640079195,-79.4933339927156,F G GARDINER XY E & PARK LAWN RD,F G GARDINER XY E
43.6223820046123,-79.5006590044699,F G GARDINER XY E & ROYAL YORK RD,F G GARDINER XY E
43.62011400308,-79.5128300007935,GARDINER C E ISLINGTON N RAMP & FG GARDINER C E,GARDINER C E ISLINGTON N RAMP
43.617626001198,-79.5256750007281,KIPLING AVE & F G GARDINER C E,KIPLING AVE
43.6165489965847,-79.53145298897,F G GARDINER XY E & WICKMAN RD,F G GARDINER XY E
43.614837004391,-79.5467099986076,GARDINER X W 427 X N RAMP & THE EAST MALL,GARDINER X W 427 X N RAMP
43.6501000031467,-79.3494180048955,F G GARDINER XY W & DON VALLEY PARKWAY N,F G GARDINER XY W
43.6500780021804,-79.3498890023578,F G GARDINER XY W & DON VALLEY PARKWAY S,F G GARDINER XY W
43.6475870034718,-79.3614029956098,LAKE SHORE BLVD E & PARLIAMENT ST,LAKE SHORE BLVD E
43.6456860000307,-79.3697740006252,LAKE SHORE BLVD E & LOWER JARVIS ST,LAKE SHORE BLVD E
43.6443900009306,-79.3757669981816,F G GARDINER XY W & YONGE ST / LAKESHORE W GARDINER,F G GARDINER XY W
43.6433340040817,-79.377829004338,F G GARDINER XY W & BAY ST,F G GARDINER XY W
43.641037002254,-79.3808609970771,HARBOUR ST & YORK ST,HARBOUR ST
43.6395040048354,-79.3870139972948,LAKE SHORE BLVD W & REES ST,LAKE SHORE BLVD W
43.6389169972833,-79.3921100025246,F G GARDINER XY W & SPADINA AVE,F G GARDINER XY W
43.6355990025104,-79.4035780024507,LAKE SHORE BLVD W & REMEMBRANCE DR,LAKE SHORE BLVD W
43.6327680018944,-79.4097499935214,LAKE SHORE BLVD W & NEWFOUNDLAND RD / ONTARIO PLACE BLVD,LAKE SHORE BLVD W
43.6305190040779,-79.418522007892,LAKE SHORE BLVD W & ONTARIO DR / REMEMBRANCE DR,LAKE SHORE BLVD W
43.6304970045572,-79.4273479987181,LAKE SHORE BLVD W & BRITISH COLUMBIA RD / LAKESHORE BRITISH COLUMBIA RAMP,LAKE SHORE BLVD W
43.6320769993127,-79.4301180024874,LAKE SHORE BLVD W & BRITISH COLUMBIA RD / LAKESHORE BRITISH COLUMBIA RAMP,LAKE SHORE BLVD W
43.6317460084313,-79.4309909945143,LAKE SHORE BLVD W & LAKESHORE BRITISH COLUMBIA RAMP,LAKE SHORE BLVD W
43.6326359951403,-79.4362000016533,LAKE SHORE BLVD W & OARSMAN DR,LAKE SHORE BLVD W
43.6373770082405,-79.4499400051231,LAKE SHORE BLVD W & BUDAPEST LANE,LAKE SHORE BLVD W
43.6382570052896,-79.4557780033539,LAKE SHORE BLVD W & PARKSIDE DR,LAKE SHORE BLVD W
43.6376869949131,-79.4587449977036,LAKE SHORE BLVD W & COLBORNE LODGE DR,LAKE SHORE BLVD W
43.6363000021662,-79.4651059985682,LAKE SHORE BLVD W & ELLIS AVE,LAKE SHORE BLVD W
43.6313530005945,-79.4724520071914,PALACE PIER CRT & WATERFRONT DR,PALACE PIER CRT
43.6312750002963,-79.4744940000104,LAKE SHORE BLVD W & PALACE PIER CRT,LAKE SHORE BLVD W
43.6291600082599,-79.4783930058058,GARDINER E LAKE SHORE WEST E RAMP & LAKE SHORE BLVD W,GARDINER E LAKE SHORE WEST E RAMP
43.6229250065686,-79.4810720094654,LAKE SHORE BLVD W & MARINE PARADE DR,LAKE SHORE BLVD W
43.6593069981111,-79.3287489972742,LAKE SHORE BLVD E & LESLIE ST,LAKE SHORE BLVD E
43.6622290032791,-79.314555000777,LAKE SHORE BLVD E & EMDAABIIMOK AVE / ASHBRIDGES BAY PARK RD,LAKE SHORE BLVD E
43.6493600074639,-79.356590998933,F G GARDINER XY W & CHERRY ST,F G GARDINER XY W
43.64810200957,-79.35458600059,LAKE SHORE BLVD E & CHERRY ST,LAKE SHORE BLVD E
43.6462210002578,-79.3661919894378,LAKE SHORE BLVD E & LOWER SHERBOURNE ST,LAKE SHORE BLVD E
43.646421004606,-79.3662329968153,LAKE SHORE BLVD E & LOWER SHERBOURNE ST,LAKE SHORE BLVD E
43.6403970071049,-79.3831220014273,LAKE SHORE BLVD W & LOWER SIMCOE ST,LAKE SHORE BLVD W
43.6381469974869,-79.3943709985331,GARDINER E SPADINA AV RAMP & SPADINA AVE,GARDINER E SPADINA AV RAMP
43.636764996885,-79.39961499644,LAKE SHORE BLVD W & BATHURST ST / FLEET ST,LAKE SHORE BLVD W
43.635577004934,-79.4070579977107,LAKE SHORE BLVD W & FORT YORK BLVD,LAKE SHORE BLVD W
43.6382610009041,-79.4536620000754,LAKE SHORE BLVD W & PARKSIDE DR,LAKE SHORE BLVD W
43.6343519991048,-79.4086120044091,LAKE SHORE BLVD W & STRACHAN AVE / REMEMBRANCE DR,LAKE SHORE BLVD W
43.6332980062797,-79.434677002517,LAKE SHORE BLVD W & JAMESON AVE,LAKE SHORE BLVD W
43.654823006857,-79.3375519989076,LAKE SHORE BLVD & CARLAW AVE,LAKE SHORE BLVD
43.6985680084763,-79.4362670036875,W R ALLEN RD S & EGLINTON AVE W,W R ALLEN RD S
43.7027970019009,-79.4379730004444,W R ALLEN RD & ELM RIDGE DR,W R ALLEN RD
43.7076160091614,-79.440468994215,W R ALLEN RD & VIEWMOUNT AVE,W R ALLEN RD
43.7112220045817,-79.4427550001998,W R ALLEN RD & GLENGROVE AVE,W R ALLEN RD
43.7164580038702,-79.4447899986022,W R ALLEN RD & LAWRENCE AVE W,W R ALLEN RD
43.7281430100496,-79.4486340048464,W R ALLEN RD & 401 C E ALLEN RD RAMP,W R ALLEN RD
43.7396090005832,-79.4525700081368,W R ALLEN RD & TRANSIT RD,W R ALLEN RD
43.749973995884,-79.4635920089041,W R ALLEN RD & SHEPPARD AVE W,W R ALLEN RD
